test-1,False,True
test-2,True,False
test-3,True,False
test-4,False,True
test-5,True,False
test-6,False,True
test-7,True,False
test-8,False,True
test-9,True,False
test-10,True,False
test-11,False,True
test-12,False,True
test-13,False,True
test-14,False,True
test-15,True,False
test-16,False,True
test-17,True,False
test-18,False,True
test-19,True,False
test-20,True,False
test-21,False,True
test-22,False,True
test-23,True,False
test-24,True,False
test-25,True,False
test-26,False,True
test-27,False,True
test-28,True,False
test-29,False,True
test-30,False,True
test-31,False,True
test-32,False,True
test-33,True,False
test-34,False,True
test-35,False,True
test-36,True,False
test-37,False,True
test-38,True,False
test-39,True,False
test-40,True,False
test-41,False,True
test-42,False,True
test-43,True,False
test-44,False,True
test-45,False,True
test-46,True,False
test-47,False,True
test-48,True,False
test-49,False,True
test-50,False,True
test-51,False,True
test-52,True,False
test-53,False,True
test-54,False,True
test-55,True,False
test-56,False,True
test-57,True,False
test-58,True,False
test-59,True,False
test-60,False,True
test-61,True,False
test-62,True,False
test-63,False,True
test-64,True,False
test-65,True,False
test-66,False,True
test-67,False,True
test-68,False,True
test-69,True,False
test-70,False,True
test-71,True,False
test-72,True,False
test-73,True,False
test-74,True,False
test-75,False,True
test-76,False,True
test-77,True,False
test-78,True,False
test-79,False,True
test-80,False,True
test-81,True,False
test-82,False,True
test-83,False,True
test-84,True,False
test-85,True,False
test-86,True,False
test-87,True,False
test-88,True,False
test-89,False,True
test-90,False,True
test-91,False,True
test-92,False,True
test-93,False,True
test-94,True,False
test-95,True,False
test-96,True,False
test-97,False,True
test-98,True,False
test-99,False,True
test-100,True,False
test-101,False,True
test-102,False,True
test-103,False,True
test-104,True,False
test-105,True,False
test-106,False,True
test-107,False,True
test-108,False,True
test-109,False,True
test-110,False,True
test-111,False,True
test-112,False,True
test-113,False,True
test-114,False,True
test-115,False,True
test-116,False,True
test-117,False,True
test-118,True,False
test-119,True,False
test-120,True,False
test-121,True,False
test-122,True,False
test-123,False,True
test-124,True,False
test-125,False,True
test-126,True,False
test-127,False,True
test-128,False,True
test-129,False,True
test-130,True,False
test-131,False,True
test-132,True,False
test-133,False,True
test-134,False,True
test-135,False,True
test-136,False,True
test-137,True,False
test-138,False,True
test-139,True,False
test-140,False,True
test-141,False,True
test-142,True,False
test-143,True,False
test-144,False,True
test-145,True,False
test-146,True,False
test-147,True,False
test-148,True,False
test-149,True,False
test-150,True,False
test-151,False,True
test-152,True,False
test-153,True,False
test-154,True,False
test-155,False,True
test-156,True,False
test-157,False,True
test-158,True,False
test-159,False,True
test-160,True,False
test-161,False,True
test-162,True,False
test-163,True,False
test-164,True,False
test-165,True,False
test-166,True,False
test-167,True,False
test-168,True,False
test-169,True,False
test-170,True,False
test-171,False,True
test-172,True,False
test-173,True,False
test-174,False,True
test-175,True,False
test-176,True,False
test-177,True,False
test-178,True,False
test-179,False,True
test-180,True,False
test-181,True,False
test-182,False,True
test-183,False,True
test-184,True,False
test-185,False,True
test-186,False,True
test-187,False,True
test-188,False,True
test-189,False,True
test-190,False,True
test-191,False,True
test-192,False,True
test-193,False,True
test-194,False,True
test-195,False,True
test-196,False,True
test-197,True,False
test-198,False,True
test-199,True,False
test-200,True,False
test-201,True,False
test-202,True,False
test-203,False,True
test-204,False,True
test-205,True,False
test-206,True,False
test-207,True,False
test-208,True,False
test-209,False,True
test-210,True,False
test-211,True,False
test-212,True,False
test-213,False,True
test-214,False,True
test-215,True,False
test-216,True,False
test-217,False,True
test-218,True,False
test-219,False,True
test-220,True,False
test-221,False,True
test-222,True,False
test-223,False,True
test-224,False,True
test-225,True,False
test-226,True,False
test-227,False,True
test-228,True,False
test-229,False,True
test-230,True,False
test-231,True,False
test-232,False,True
test-233,True,False
test-234,False,True
test-235,False,True
test-236,True,False
test-237,True,False
test-238,True,False
test-239,True,False
test-240,False,True
test-241,False,True
test-242,False,True
test-243,True,False
test-244,True,False
test-245,False,True
test-246,False,True
test-247,False,True
test-248,True,False
test-249,True,False
test-250,False,True
test-251,False,True
test-252,True,False
test-253,True,False
test-254,True,False
test-255,True,False
test-256,False,True
test-257,False,True
test-258,True,False
test-259,False,True
test-260,False,True
test-261,False,True
test-262,False,True
test-263,False,True
test-264,True,False
test-265,False,True
test-266,False,True
test-267,False,True
test-268,False,True
test-269,True,False
test-270,True,False
test-271,False,True
test-272,True,False
test-273,False,True
test-274,True,False
test-275,True,False
test-276,True,False
test-277,True,False
test-278,True,False
test-279,True,False
test-280,False,True
test-281,False,True
test-282,False,True
test-283,False,True
test-284,False,True
test-285,False,True
test-286,True,False
test-287,True,False
test-288,False,True
test-289,True,False
test-290,True,False
test-291,True,False
test-292,True,False
test-293,False,True
test-294,False,True
test-295,False,True
test-296,True,False
test-297,False,True
test-298,False,True
test-299,True,False
test-300,False,True
test-301,False,True
test-302,False,True
test-303,True,False
test-304,False,True
test-305,False,True
test-306,False,True
test-307,True,False
test-308,True,False
test-309,False,True
test-310,True,False
test-311,False,True
test-312,False,True
test-313,False,True
test-314,False,True
test-315,False,True
test-316,False,True
test-317,False,True
test-318,True,False
test-319,False,True
test-320,False,True
test-321,False,True
test-322,False,True
test-323,False,True
test-324,False,True
test-325,True,False
test-326,False,True
test-327,False,True
test-328,False,True
test-329,False,True
test-330,True,False
test-331,False,True
test-332,True,False
test-333,False,True
test-334,True,False
test-335,False,True
test-336,True,False
test-337,True,False
test-338,False,True
test-339,False,True
test-340,True,False
test-341,False,True
test-342,True,False
test-343,False,True
test-344,False,True
test-345,False,True
test-346,False,True
test-347,True,False
test-348,False,True
test-349,True,False
test-350,False,True
test-351,False,True
test-352,False,True
test-353,False,True
test-354,True,False
test-355,False,True
test-356,True,False
test-357,True,False
test-358,True,False
test-359,True,False
test-360,True,False
test-361,False,True
test-362,False,True
test-363,True,False
test-364,False,True
test-365,False,True
test-366,False,True
test-367,False,True
test-368,True,False
test-369,True,False
test-370,True,False
test-371,False,True
test-372,False,True
test-373,True,False
test-374,True,False
test-375,False,True
test-376,True,False
test-377,True,False
test-378,False,True
test-379,False,True
test-380,True,False
test-381,True,False
test-382,False,True
test-383,True,False
test-384,False,True
test-385,False,True
test-386,False,True
test-387,True,False
test-388,False,True
test-389,True,False
test-390,True,False
test-391,True,False
test-392,True,False
test-393,False,True
test-394,True,False
test-395,True,False
test-396,False,True
test-397,False,True
test-398,False,True
test-399,True,False
test-400,True,False
test-401,False,True
test-402,True,False
test-403,True,False
test-404,False,True
test-405,False,True
test-406,True,False
test-407,True,False
test-408,False,True
test-409,True,False
test-410,False,True
test-411,True,False
test-412,False,True
test-413,True,False
test-414,False,True
test-415,True,False
test-416,True,False
test-417,False,True
test-418,True,False
test-419,False,True
test-420,True,False
test-421,True,False
test-422,True,False
test-423,False,True
test-424,False,True
test-425,True,False
test-426,False,True
test-427,False,True
test-428,True,False
test-429,True,False
test-430,True,False
test-431,True,False
test-432,False,True
test-433,False,True
test-434,False,True
test-435,False,True
test-436,False,True
test-437,False,True
test-438,False,True
test-439,False,True
test-440,False,True
test-441,False,True
test-442,False,True
test-443,False,True
test-444,False,True
test-445,False,True
test-446,False,True
test-447,False,True
test-448,True,False
test-449,False,True
test-450,True,False
test-451,False,True
test-452,False,True
test-453,False,True
test-454,True,False
test-455,False,True
test-456,True,False
test-457,False,True
test-458,True,False
test-459,False,True
test-460,True,False
test-461,True,False
test-462,False,True
test-463,True,False
test-464,True,False
test-465,True,False
test-466,True,False
test-467,False,True
test-468,True,False
test-469,False,True
test-470,False,True
test-471,False,True
test-472,False,True
test-473,True,False
test-474,True,False
test-475,True,False
test-476,False,True
test-477,False,True
test-478,True,False
test-479,False,True
test-480,False,True
test-481,True,False
test-482,False,True
test-483,True,False
test-484,True,False
test-485,False,True
test-486,False,True
test-487,False,True
test-488,True,False
test-489,True,False
test-490,True,False
test-491,True,False
test-492,True,False
test-493,False,True
test-494,True,False
test-495,False,True
test-496,False,True
test-497,False,True
test-498,False,True
test-499,True,False
test-500,True,False
test-501,True,False
test-502,False,True
test-503,True,False
test-504,False,True
test-505,True,False
test-506,False,True
test-507,False,True
test-508,True,False
test-509,False,True
test-510,False,True
test-511,False,True
test-512,False,True
test-513,True,False
test-514,False,True
test-515,False,True
test-516,False,True
test-517,False,True
test-518,True,False
test-519,False,True
test-520,False,True
test-521,False,True
test-522,True,False
test-523,False,True
test-524,True,False
test-525,True,False
test-526,True,False
test-527,False,True
test-528,False,True
test-529,True,False
test-530,True,False
test-531,False,True
test-532,False,True
test-533,False,True
test-534,True,False
test-535,False,True
test-536,True,False
test-537,True,False
test-538,False,True
test-539,False,True
test-540,True,False
test-541,False,True
test-542,False,True
test-543,True,False
test-544,False,True
test-545,True,False
test-546,False,True
test-547,False,True
test-548,False,True
test-549,True,False
test-550,False,True
test-551,True,False
test-552,False,True
test-553,False,True
test-554,False,True
test-555,True,False
test-556,False,True
test-557,True,False
test-558,False,True
test-559,False,True
test-560,False,True
test-561,True,False
test-562,True,False
test-563,False,True
test-564,False,True
test-565,False,True
test-566,True,False
test-567,False,True
test-568,True,False
test-569,True,False
test-570,False,True
test-571,True,False
test-572,True,False
test-573,False,True
test-574,True,False
test-575,True,False
test-576,True,False
test-577,False,True
test-578,True,False
test-579,False,True
test-580,True,False
test-581,False,True
test-582,True,False
test-583,False,True
test-584,False,True
test-585,False,True
test-586,False,True
test-587,True,False
test-588,True,False
test-589,False,True
test-590,True,False
test-591,False,True
test-592,False,True
test-593,False,True
test-594,True,False
test-595,False,True
test-596,True,False
test-597,False,True
test-598,True,False
test-599,False,True
test-600,False,True
test-601,True,False
test-602,True,False
test-603,False,True
test-604,True,False
test-605,False,True
test-606,False,True
test-607,False,True
test-608,True,False
test-609,False,True
test-610,False,True
test-611,False,True
test-612,True,False
test-613,False,True
test-614,False,True
test-615,True,False
test-616,False,True
test-617,True,False
test-618,False,True
test-619,False,True
test-620,True,False
test-621,False,True
test-622,False,True
test-623,False,True
test-624,True,False
test-625,False,True
test-626,True,False
test-627,False,True
test-628,True,False
test-629,True,False
test-630,True,False
test-631,False,True
test-632,False,True
test-633,True,False
test-634,False,True
test-635,False,True
test-636,True,False
test-637,False,True
test-638,False,True
test-639,False,True
test-640,True,False
test-641,False,True
test-642,False,True
test-643,True,False
test-644,False,True
test-645,True,False
test-646,True,False
test-647,True,False
test-648,True,False
test-649,True,False
test-650,False,True
test-651,True,False
test-652,False,True
test-653,True,False
test-654,True,False
test-655,False,True
test-656,False,True
test-657,False,True
test-658,True,False
test-659,False,True
test-660,True,False
test-661,True,False
test-662,False,True
test-663,False,True
test-664,True,False
test-665,True,False
test-666,True,False
test-667,True,False
test-668,False,True
test-669,False,True
test-670,False,True
test-671,False,True
test-672,True,False
test-673,False,True
test-674,False,True
test-675,False,True
test-676,True,False
test-677,False,True
test-678,False,True
test-679,True,False
test-680,False,True
test-681,False,True
test-682,True,False
test-683,False,True
test-684,False,True
test-685,True,False
test-686,False,True
test-687,False,True
test-688,True,False
test-689,False,True
test-690,True,False
test-691,False,True
test-692,True,False
test-693,True,False
test-694,False,True
test-695,True,False
test-696,True,False
test-697,False,True
test-698,True,False
test-699,True,False
test-700,False,True
test-701,True,False
test-702,False,True
test-703,True,False
test-704,False,True
test-705,False,True
test-706,True,False
test-707,True,False
test-708,True,False
test-709,False,True
test-710,False,True
test-711,True,False
test-712,True,False
test-713,False,True
test-714,True,False
test-715,True,False
test-716,True,False
test-717,False,True
test-718,False,True
test-719,False,True
test-720,False,True
test-721,False,True
test-722,False,True
test-723,True,False
test-724,False,True
test-725,False,True
test-726,True,False
test-727,True,False
test-728,False,True
test-729,False,True
test-730,False,True
test-731,False,True
test-732,False,True
test-733,True,False
test-734,False,True
test-735,True,False
test-736,False,True
test-737,True,False
test-738,False,True
test-739,False,True
test-740,False,True
test-741,True,False
test-742,False,True
test-743,True,False
test-744,True,False
test-745,False,True
test-746,False,True
test-747,False,True
test-748,False,True
test-749,True,False
test-750,False,True
test-751,False,True
test-752,True,False
test-753,True,False
test-754,False,True
test-755,True,False
test-756,False,True
test-757,True,False
test-758,False,True
test-759,True,False
test-760,False,True
test-761,False,True
test-762,False,True
test-763,True,False
test-764,True,False
test-765,False,True
test-766,True,False
test-767,False,True
test-768,True,False
test-769,True,False
test-770,False,True
test-771,True,False
test-772,True,False
test-773,False,True
test-774,False,True
test-775,True,False
test-776,False,True
test-777,True,False
test-778,True,False
test-779,True,False
test-780,True,False
test-781,False,True
test-782,True,False
test-783,False,True
test-784,True,False
test-785,True,False
test-786,True,False
test-787,False,True
test-788,False,True
test-789,False,True
test-790,True,False
test-791,True,False
test-792,True,False
test-793,True,False
test-794,False,True
test-795,False,True
test-796,True,False
test-797,False,True
test-798,True,False
test-799,False,True
test-800,False,True
test-801,False,True
test-802,False,True
test-803,False,True
test-804,True,False
test-805,True,False
test-806,False,True
test-807,False,True
test-808,False,True
test-809,True,False
test-810,False,True
test-811,False,True
test-812,True,False
test-813,False,True
test-814,False,True
test-815,True,False
test-816,False,True
test-817,True,False
test-818,False,True
test-819,False,True
test-820,True,False
test-821,False,True
test-822,True,False
test-823,True,False
test-824,True,False
test-825,False,True
test-826,True,False
test-827,True,False
test-828,True,False
test-829,True,False
test-830,False,True
test-831,False,True
test-832,True,False
test-833,True,False
test-834,True,False
test-835,False,True
test-836,True,False
test-837,False,True
test-838,False,True
test-839,True,False
test-840,True,False
test-841,False,True
test-842,False,True
test-843,False,True
test-844,False,True
test-845,True,False
test-846,False,True
test-847,False,True
test-848,True,False
test-849,False,True
test-850,False,True
test-851,True,False
test-852,True,False
test-853,True,False
test-854,False,True
test-855,True,False
test-856,False,True
test-857,False,True
test-858,False,True
test-859,True,False
test-860,True,False
test-861,False,True
test-862,False,True
test-863,False,True
test-864,False,True
test-865,False,True
test-866,False,True
test-867,True,False
test-868,True,False
test-869,False,True
test-870,True,False
test-871,True,False
test-872,True,False
test-873,False,True
test-874,True,False
test-875,False,True
test-876,False,True
test-877,False,True
test-878,True,False
test-879,False,True
test-880,True,False
test-881,False,True
test-882,True,False
test-883,False,True
test-884,False,True
test-885,False,True
test-886,False,True
test-887,False,True
test-888,False,True
test-889,False,True
test-890,False,True
test-891,False,True
test-892,False,True
test-893,True,False
test-894,False,True
test-895,False,True
test-896,False,True
test-897,True,False
test-898,False,True
test-899,True,False
test-900,True,False
test-901,True,False
test-902,False,True
test-903,False,True
test-904,False,True
test-905,True,False
test-906,True,False
test-907,True,False
test-908,True,False
test-909,False,True
test-910,True,False
test-911,False,True
test-912,True,False
test-913,True,False
test-914,True,False
test-915,False,True
test-916,True,False
test-917,True,False
test-918,False,True
test-919,True,False
test-920,False,True
test-921,False,True
test-922,False,True
test-923,False,True
test-924,False,True
test-925,False,True
test-926,True,False
test-927,False,True
test-928,True,False
test-929,False,True
test-930,True,False
test-931,False,True
test-932,True,False
test-933,False,True
test-934,False,True
test-935,False,True
test-936,False,True
test-937,False,True
test-938,False,True
test-939,True,False
test-940,False,True
test-941,True,False
test-942,False,True
test-943,False,True
test-944,False,True
test-945,False,True
test-946,False,True
test-947,True,False
test-948,False,True
test-949,True,False
test-950,True,False
test-951,False,True
test-952,False,True
test-953,True,False
test-954,True,False
test-955,True,False
test-956,False,True
test-957,False,True
test-958,True,False
test-959,True,False
test-960,False,True
test-961,False,True
test-962,True,False
test-963,False,True
test-964,False,True
test-965,False,True
test-966,True,False
test-967,False,True
test-968,False,True
test-969,True,False
test-970,True,False
test-971,False,True
test-972,False,True
test-973,False,True
test-974,True,False
test-975,True,False
test-976,True,False
test-977,False,True
test-978,False,True
test-979,False,True
test-980,True,False
test-981,False,True
test-982,True,False
test-983,True,False
test-984,True,False
test-985,True,False
test-986,True,False
test-987,False,True
test-988,False,True
test-989,False,True
test-990,True,False
test-991,False,True
test-992,True,False
test-993,False,True
test-994,False,True
test-995,True,False
test-996,True,False
test-997,False,True
test-998,False,True
test-999,True,False
test-1000,False,True
test-1001,True,False
test-1002,False,True
test-1003,False,True
test-1004,False,True
test-1005,True,False
test-1006,False,True
test-1007,False,True
test-1008,False,True
test-1009,False,True
test-1010,True,False
test-1011,False,True
test-1012,True,False
test-1013,False,True
test-1014,True,False
test-1015,False,True
test-1016,False,True
test-1017,True,False
test-1018,True,False
test-1019,True,False
test-1020,False,True
test-1021,True,False
test-1022,False,True
test-1023,True,False
test-1024,False,True
test-1025,True,False
test-1026,True,False
test-1027,True,False
test-1028,False,True
test-1029,True,False
test-1030,True,False
test-1031,False,True
test-1032,True,False
test-1033,True,False
test-1034,False,True
test-1035,False,True
test-1036,False,True
test-1037,True,False
test-1038,True,False
test-1039,True,False
test-1040,False,True
test-1041,True,False
test-1042,True,False
test-1043,True,False
test-1044,False,True
test-1045,True,False
test-1046,True,False
test-1047,True,False
test-1048,False,True
test-1049,True,False
test-1050,True,False
test-1051,False,True
test-1052,True,False
test-1053,True,False
test-1054,True,False
test-1055,True,False
test-1056,True,False
test-1057,False,True
test-1058,True,False
test-1059,True,False
test-1060,True,False
test-1061,False,True
test-1062,True,False
test-1063,True,False
test-1064,True,False
test-1065,False,True
test-1066,True,False
test-1067,False,True
test-1068,True,False
test-1069,False,True
test-1070,False,True
test-1071,False,True
test-1072,True,False
test-1073,True,False
test-1074,False,True
test-1075,True,False
test-1076,False,True
test-1077,False,True
test-1078,False,True
test-1079,False,True
test-1080,False,True
test-1081,True,False
test-1082,False,True
test-1083,True,False
test-1084,True,False
test-1085,False,True
test-1086,True,False
test-1087,False,True
test-1088,False,True
test-1089,True,False
test-1090,True,False
test-1091,True,False
test-1092,True,False
test-1093,False,True
test-1094,False,True
test-1095,True,False
test-1096,True,False
test-1097,True,False
test-1098,True,False
test-1099,True,False
test-1100,True,False
test-1101,False,True
test-1102,True,False
test-1103,False,True
test-1104,False,True
test-1105,False,True
test-1106,False,True
test-1107,True,False
test-1108,True,False
test-1109,False,True
test-1110,True,False
test-1111,False,True
test-1112,True,False
test-1113,True,False
test-1114,True,False
test-1115,True,False
test-1116,False,True
test-1117,True,False
test-1118,False,True
test-1119,False,True
test-1120,True,False
test-1121,True,False
test-1122,False,True
test-1123,True,False
test-1124,True,False
test-1125,True,False
test-1126,True,False
test-1127,False,True
test-1128,False,True
test-1129,False,True
test-1130,True,False
test-1131,False,True
test-1132,True,False
test-1133,False,True
test-1134,True,False
test-1135,False,True
test-1136,False,True
test-1137,True,False
test-1138,True,False
test-1139,False,True
test-1140,False,True
test-1141,True,False
test-1142,False,True
test-1143,True,False
test-1144,False,True
test-1145,True,False
test-1146,False,True
test-1147,False,True
test-1148,False,True
test-1149,False,True
test-1150,True,False
test-1151,False,True
test-1152,False,True
test-1153,True,False
test-1154,False,True
test-1155,False,True
test-1156,False,True
test-1157,False,True
test-1158,False,True
test-1159,False,True
test-1160,True,False
test-1161,False,True
test-1162,True,False
test-1163,False,True
test-1164,True,False
test-1165,True,False
test-1166,False,True
test-1167,True,False
test-1168,False,True
test-1169,True,False
test-1170,True,False
test-1171,False,True
test-1172,False,True
test-1173,True,False
test-1174,True,False
test-1175,False,True
test-1176,False,True
test-1177,True,False
test-1178,True,False
test-1179,True,False
test-1180,True,False
test-1181,True,False
test-1182,False,True
test-1183,True,False
test-1184,True,False
test-1185,False,True
test-1186,False,True
test-1187,False,True
test-1188,False,True
test-1189,False,True
test-1190,True,False
test-1191,False,True
test-1192,False,True
test-1193,False,True
test-1194,True,False
test-1195,False,True
test-1196,True,False
test-1197,False,True
test-1198,False,True
test-1199,True,False
test-1200,True,False
test-1201,False,True
test-1202,True,False
test-1203,False,True
test-1204,True,False
test-1205,True,False
test-1206,False,True
test-1207,False,True
test-1208,False,True
test-1209,True,False
test-1210,False,True
test-1211,False,True
test-1212,True,False
test-1213,True,False
test-1214,True,False
test-1215,False,True
test-1216,False,True
test-1217,True,False
test-1218,False,True
test-1219,False,True
test-1220,True,False
test-1221,False,True
test-1222,False,True
test-1223,False,True
test-1224,True,False
test-1225,False,True
test-1226,False,True
test-1227,False,True
test-1228,True,False
test-1229,False,True
test-1230,True,False
test-1231,False,True
test-1232,False,True
test-1233,True,False
test-1234,True,False
test-1235,False,True
test-1236,False,True
test-1237,True,False
test-1238,True,False
test-1239,False,True
test-1240,True,False
test-1241,False,True
test-1242,False,True
test-1243,False,True
test-1244,True,False
test-1245,False,True
test-1246,False,True
test-1247,False,True
test-1248,True,False
test-1249,False,True
test-1250,False,True
test-1251,False,True
test-1252,False,True
test-1253,False,True
test-1254,False,True
test-1255,False,True
test-1256,False,True
test-1257,False,True
test-1258,True,False
test-1259,True,False
test-1260,False,True
test-1261,False,True
test-1262,True,False
test-1263,False,True
test-1264,True,False
test-1265,False,True
test-1266,True,False
test-1267,True,False
test-1268,False,True
test-1269,False,True
test-1270,True,False
test-1271,False,True
test-1272,False,True
test-1273,False,True
test-1274,False,True
test-1275,False,True
test-1276,False,True
test-1277,False,True
test-1278,False,True
test-1279,False,True
test-1280,True,False
test-1281,True,False
test-1282,True,False
test-1283,False,True
test-1284,False,True
test-1285,False,True
test-1286,True,False
test-1287,True,False
test-1288,False,True
test-1289,False,True
test-1290,True,False
test-1291,True,False
test-1292,True,False
test-1293,False,True
test-1294,False,True
test-1295,False,True
test-1296,True,False
test-1297,False,True
test-1298,False,True
test-1299,True,False
test-1300,True,False
test-1301,False,True
test-1302,True,False
test-1303,True,False
test-1304,False,True
test-1305,True,False
test-1306,True,False
test-1307,False,True
test-1308,True,False
test-1309,True,False
test-1310,True,False
test-1311,False,True
test-1312,False,True
test-1313,True,False
test-1314,False,True
test-1315,False,True
test-1316,True,False
test-1317,False,True
test-1318,False,True
test-1319,False,True
test-1320,False,True
test-1321,True,False
test-1322,True,False
test-1323,False,True
test-1324,False,True
test-1325,False,True
test-1326,False,True
test-1327,False,True
test-1328,True,False
test-1329,True,False
test-1330,False,True
test-1331,True,False
test-1332,False,True
test-1333,False,True
test-1334,True,False
test-1335,True,False
test-1336,True,False
test-1337,True,False
test-1338,False,True
test-1339,False,True
test-1340,False,True
test-1341,False,True
test-1342,True,False
test-1343,False,True
test-1344,False,True
test-1345,True,False
test-1346,False,True
test-1347,True,False
test-1348,False,True
test-1349,True,False
test-1350,False,True
test-1351,True,False
test-1352,False,True
test-1353,True,False
test-1354,False,True
test-1355,True,False
test-1356,True,False
test-1357,True,False
test-1358,True,False
test-1359,False,True
test-1360,False,True
test-1361,False,True
test-1362,False,True
test-1363,False,True
test-1364,True,False
test-1365,True,False
test-1366,True,False
test-1367,False,True
test-1368,False,True
test-1369,True,False
test-1370,True,False
test-1371,False,True
test-1372,False,True
test-1373,True,False
test-1374,True,False
test-1375,False,True
test-1376,True,False
test-1377,False,True
test-1378,True,False
test-1379,True,False
test-1380,False,True
test-1381,False,True
test-1382,False,True
test-1383,False,True
test-1384,False,True
test-1385,False,True
test-1386,True,False
test-1387,True,False
test-1388,False,True
test-1389,True,False
test-1390,False,True
test-1391,True,False
test-1392,False,True
test-1393,True,False
test-1394,True,False
test-1395,True,False
test-1396,True,False
test-1397,False,True
test-1398,True,False
test-1399,False,True
test-1400,False,True
test-1401,False,True
test-1402,False,True
test-1403,False,True
test-1404,False,True
test-1405,False,True
test-1406,False,True
test-1407,True,False
test-1408,True,False
test-1409,True,False
test-1410,True,False
test-1411,False,True
test-1412,False,True
test-1413,False,True
test-1414,False,True
test-1415,False,True
test-1416,True,False
test-1417,False,True
test-1418,False,True
test-1419,True,False
test-1420,False,True
test-1421,True,False
test-1422,False,True
test-1423,False,True
test-1424,False,True
test-1425,False,True
test-1426,True,False
test-1427,False,True
test-1428,False,True
test-1429,True,False
test-1430,False,True
test-1431,False,True
test-1432,False,True
test-1433,True,False
test-1434,True,False
test-1435,False,True
test-1436,False,True
test-1437,False,True
test-1438,True,False
test-1439,True,False
test-1440,False,True
test-1441,False,True
test-1442,True,False
test-1443,True,False
test-1444,False,True
test-1445,False,True
test-1446,False,True
test-1447,False,True
test-1448,True,False
test-1449,False,True
test-1450,False,True
test-1451,True,False
test-1452,False,True
test-1453,True,False
test-1454,False,True
test-1455,True,False
test-1456,True,False
test-1457,False,True
test-1458,False,True
test-1459,True,False
test-1460,True,False
test-1461,True,False
test-1462,True,False
test-1463,False,True
test-1464,False,True
test-1465,True,False
test-1466,False,True
test-1467,False,True
test-1468,True,False
test-1469,False,True
test-1470,False,True
test-1471,True,False
test-1472,False,True
test-1473,True,False
test-1474,True,False
test-1475,True,False
test-1476,False,True
test-1477,False,True
test-1478,True,False
test-1479,True,False
test-1480,True,False
test-1481,False,True
test-1482,False,True
test-1483,False,True
test-1484,False,True
test-1485,False,True
test-1486,False,True
test-1487,False,True
test-1488,False,True
test-1489,True,False
test-1490,False,True
test-1491,True,False
test-1492,True,False
test-1493,True,False
test-1494,False,True
test-1495,True,False
test-1496,False,True
test-1497,True,False
test-1498,False,True
test-1499,False,True
test-1500,False,True
test-1501,True,False
test-1502,True,False
test-1503,False,True
test-1504,False,True
test-1505,True,False
test-1506,False,True
test-1507,True,False
test-1508,False,True
test-1509,True,False
test-1510,True,False
test-1511,False,True
test-1512,True,False
test-1513,False,True
test-1514,True,False
test-1515,False,True
test-1516,False,True
test-1517,False,True
test-1518,True,False
test-1519,False,True
test-1520,True,False
test-1521,True,False
test-1522,True,False
test-1523,False,True
test-1524,True,False
test-1525,False,True
test-1526,False,True
test-1527,True,False
test-1528,False,True
test-1529,True,False
test-1530,True,False
test-1531,True,False
test-1532,True,False
test-1533,True,False
test-1534,True,False
test-1535,False,True
test-1536,False,True
test-1537,True,False
test-1538,True,False
test-1539,True,False
test-1540,True,False
test-1541,True,False
test-1542,False,True
test-1543,True,False
test-1544,False,True
test-1545,False,True
test-1546,False,True
test-1547,True,False
test-1548,False,True
test-1549,True,False
test-1550,False,True
test-1551,False,True
test-1552,False,True
test-1553,True,False
test-1554,False,True
test-1555,True,False
test-1556,False,True
test-1557,False,True
test-1558,True,False
test-1559,False,True
test-1560,True,False
test-1561,True,False
test-1562,False,True
test-1563,True,False
test-1564,True,False
test-1565,False,True
test-1566,False,True
test-1567,True,False
test-1568,False,True
test-1569,True,False
test-1570,True,False
test-1571,False,True
test-1572,True,False
test-1573,True,False
test-1574,False,True
test-1575,True,False
test-1576,False,True
test-1577,True,False
test-1578,True,False
test-1579,False,True
test-1580,True,False
test-1581,True,False
test-1582,False,True
test-1583,False,True
test-1584,False,True
test-1585,True,False
test-1586,True,False
test-1587,True,False
test-1588,True,False
test-1589,True,False
test-1590,False,True
test-1591,False,True
test-1592,True,False
test-1593,True,False
test-1594,False,True
test-1595,False,True
test-1596,False,True
test-1597,False,True
test-1598,False,True
test-1599,False,True
test-1600,False,True
test-1601,False,True
test-1602,True,False
test-1603,False,True
test-1604,True,False
test-1605,False,True
test-1606,False,True
test-1607,False,True
test-1608,False,True
test-1609,False,True
test-1610,True,False
test-1611,False,True
test-1612,False,True
test-1613,False,True
test-1614,True,False
test-1615,False,True
test-1616,False,True
test-1617,True,False
test-1618,False,True
test-1619,False,True
test-1620,False,True
test-1621,True,False
test-1622,True,False
test-1623,False,True
test-1624,True,False
test-1625,True,False
test-1626,True,False
test-1627,False,True
test-1628,False,True
test-1629,False,True
test-1630,False,True
test-1631,True,False
test-1632,True,False
test-1633,False,True
test-1634,True,False
test-1635,True,False
test-1636,True,False
test-1637,False,True
test-1638,False,True
test-1639,False,True
test-1640,False,True
test-1641,True,False
test-1642,False,True
test-1643,True,False
test-1644,True,False
test-1645,True,False
test-1646,False,True
test-1647,False,True
test-1648,True,False
test-1649,False,True
test-1650,True,False
test-1651,False,True
test-1652,True,False
test-1653,False,True
test-1654,False,True
test-1655,True,False
test-1656,False,True
test-1657,False,True
test-1658,False,True
test-1659,True,False
test-1660,True,False
test-1661,False,True
test-1662,True,False
test-1663,False,True
test-1664,False,True
test-1665,False,True
test-1666,False,True
test-1667,True,False
test-1668,True,False
test-1669,True,False
test-1670,True,False
test-1671,True,False
test-1672,False,True
test-1673,False,True
test-1674,False,True
test-1675,False,True
test-1676,False,True
test-1677,False,True
test-1678,False,True
test-1679,True,False
test-1680,False,True
test-1681,False,True
test-1682,True,False
test-1683,True,False
test-1684,True,False
test-1685,False,True
test-1686,False,True
test-1687,False,True
test-1688,True,False
test-1689,True,False
test-1690,False,True
test-1691,False,True
test-1692,True,False
test-1693,False,True
test-1694,True,False
test-1695,False,True
test-1696,True,False
test-1697,True,False
test-1698,False,True
test-1699,True,False
test-1700,False,True
test-1701,True,False
test-1702,False,True
test-1703,False,True
test-1704,False,True
test-1705,True,False
test-1706,True,False
test-1707,False,True
test-1708,False,True
test-1709,True,False
test-1710,True,False
test-1711,False,True
test-1712,True,False
test-1713,True,False
test-1714,True,False
test-1715,True,False
test-1716,True,False
test-1717,False,True
test-1718,True,False
test-1719,False,True
test-1720,True,False
test-1721,False,True
test-1722,False,True
test-1723,False,True
test-1724,True,False
test-1725,False,True
test-1726,False,True
test-1727,False,True
test-1728,False,True
test-1729,True,False
test-1730,True,False
test-1731,True,False
test-1732,False,True
test-1733,False,True
test-1734,False,True
test-1735,False,True
test-1736,False,True
test-1737,True,False
test-1738,False,True
test-1739,True,False
test-1740,False,True
test-1741,True,False
test-1742,True,False
test-1743,True,False
test-1744,False,True
test-1745,True,False
test-1746,True,False
test-1747,False,True
test-1748,False,True
test-1749,True,False
test-1750,True,False
test-1751,True,False
test-1752,True,False
test-1753,True,False
test-1754,False,True
test-1755,False,True
test-1756,True,False
test-1757,True,False
test-1758,True,False
test-1759,True,False
test-1760,False,True
test-1761,True,False
test-1762,False,True
test-1763,True,False
test-1764,False,True
test-1765,False,True
test-1766,False,True
test-1767,False,True
test-1768,False,True
test-1769,False,True
test-1770,False,True
test-1771,True,False
test-1772,True,False
test-1773,False,True
test-1774,True,False
test-1775,False,True
test-1776,False,True
test-1777,True,False
test-1778,False,True
test-1779,False,True
test-1780,False,True
test-1781,False,True
test-1782,False,True
test-1783,True,False
test-1784,True,False
test-1785,True,False
test-1786,True,False
test-1787,True,False
test-1788,True,False
test-1789,False,True
test-1790,True,False
test-1791,True,False
test-1792,True,False
test-1793,False,True
test-1794,False,True
test-1795,False,True
test-1796,True,False
test-1797,True,False
test-1798,False,True
test-1799,False,True
test-1800,True,False
test-1801,False,True
test-1802,False,True
test-1803,True,False
test-1804,True,False
test-1805,True,False
test-1806,True,False
test-1807,True,False
test-1808,True,False
test-1809,True,False
test-1810,True,False
test-1811,True,False
test-1812,True,False
test-1813,True,False
test-1814,False,True
test-1815,True,False
test-1816,False,True
test-1817,False,True
test-1818,False,True
test-1819,False,True
test-1820,False,True
test-1821,True,False
test-1822,False,True
test-1823,True,False
test-1824,True,False
test-1825,True,False
test-1826,False,True
test-1827,False,True
test-1828,False,True
test-1829,True,False
test-1830,True,False
test-1831,True,False
test-1832,False,True
test-1833,True,False
test-1834,True,False
test-1835,False,True
test-1836,True,False
test-1837,False,True
test-1838,True,False
test-1839,True,False
test-1840,False,True
test-1841,True,False
test-1842,True,False
test-1843,False,True
test-1844,True,False
test-1845,True,False
test-1846,False,True
test-1847,False,True
test-1848,False,True
test-1849,False,True
test-1850,True,False
test-1851,True,False
test-1852,False,True
test-1853,False,True
test-1854,False,True
test-1855,False,True
test-1856,True,False
test-1857,False,True
test-1858,True,False
test-1859,True,False
test-1860,True,False
test-1861,True,False
test-1862,False,True
test-1863,False,True
test-1864,True,False
test-1865,False,True
test-1866,False,True
test-1867,False,True
test-1868,False,True
test-1869,False,True
test-1870,False,True
test-1871,False,True
test-1872,True,False
test-1873,False,True
test-1874,True,False
test-1875,False,True
test-1876,False,True
test-1877,True,False
test-1878,False,True
test-1879,False,True
test-1880,False,True
test-1881,False,True
test-1882,False,True
test-1883,True,False
test-1884,True,False
test-1885,True,False
test-1886,False,True
test-1887,True,False
test-1888,True,False
test-1889,False,True
test-1890,True,False
test-1891,False,True
test-1892,False,True
test-1893,True,False
test-1894,True,False
test-1895,True,False
test-1896,True,False
test-1897,False,True
test-1898,True,False
test-1899,True,False
test-1900,True,False
test-1901,False,True
test-1902,True,False
test-1903,False,True
test-1904,False,True
test-1905,False,True
test-1906,False,True
test-1907,True,False
test-1908,False,True
test-1909,True,False
test-1910,True,False
test-1911,True,False
test-1912,False,True
test-1913,True,False
test-1914,True,False
test-1915,False,True
test-1916,False,True
test-1917,True,False
test-1918,False,True
test-1919,False,True
test-1920,True,False
test-1921,False,True
test-1922,False,True
test-1923,False,True
test-1924,False,True
test-1925,True,False
test-1926,False,True
test-1927,False,True
test-1928,True,False
test-1929,True,False
test-1930,False,True
test-1931,False,True
test-1932,False,True
test-1933,False,True
test-1934,True,False
test-1935,True,False
test-1936,False,True
test-1937,True,False
test-1938,False,True
test-1939,True,False
test-1940,True,False
test-1941,False,True
test-1942,False,True
test-1943,True,False
test-1944,True,False
test-1945,False,True
test-1946,False,True
test-1947,False,True
test-1948,False,True
test-1949,True,False
test-1950,False,True
test-1951,True,False
test-1952,False,True
test-1953,True,False
test-1954,False,True
test-1955,False,True
test-1956,False,True
test-1957,False,True
test-1958,True,False
test-1959,True,False
test-1960,True,False
test-1961,True,False
test-1962,True,False
test-1963,False,True
test-1964,False,True
test-1965,False,True
test-1966,False,True
test-1967,True,False
test-1968,False,True
test-1969,False,True
test-1970,False,True
test-1971,False,True
test-1972,False,True
test-1973,True,False
test-1974,False,True
test-1975,True,False
test-1976,True,False
test-1977,True,False
test-1978,True,False
test-1979,True,False
test-1980,True,False
test-1981,False,True
test-1982,False,True
test-1983,False,True
test-1984,False,True
test-1985,True,False
test-1986,True,False
test-1987,False,True
test-1988,True,False
test-1989,False,True
test-1990,False,True
test-1991,False,True
test-1992,False,True
test-1993,False,True
test-1994,True,False
test-1995,True,False
test-1996,True,False
test-1997,False,True
test-1998,False,True
test-1999,True,False
test-2000,True,False
